X,Y,Number,Angle,Category,Grand Prix
42.40593929993702,8329.202564224179,1,114.34,Serré,FORMULA 1 GULF AIR BAHRAIN GRAND PRIX 2023
820.7816212551479,7879.043840540197,2,47.49,Serré,FORMULA 1 GULF AIR BAHRAIN GRAND PRIX 2023
1912.969997301606,8065.44216673751,3,10.77,Large,FORMULA 1 GULF AIR BAHRAIN GRAND PRIX 2023
7487.745292571566,6790.71071569364,4,114.21,Serré,FORMULA 1 GULF AIR BAHRAIN GRAND PRIX 2023
5820.228442599813,4860.740936217904,5,21.08,Moyen,FORMULA 1 GULF AIR BAHRAIN GRAND PRIX 2023
5180.404120509692,4214.598861214608,6,35.32,Serré,FORMULA 1 GULF AIR BAHRAIN GRAND PRIX 2023
4276.202937249183,4156.240630824386,7,37.03,Serré,FORMULA 1 GULF AIR BAHRAIN GRAND PRIX 2023
2490.099010685538,2458.6003965290042,8,116.61,Serré,FORMULA 1 GULF AIR BAHRAIN GRAND PRIX 2023
2711.1552878922835,5950.242339493996,9,85.89,Serré,FORMULA 1 GULF AIR BAHRAIN GRAND PRIX 2023
2100.132715648695,6613.999850943207,10,135.02,Serré,FORMULA 1 GULF AIR BAHRAIN GRAND PRIX 2023
2120.9852205176358,-663.9950720811103,11,109.38,Serré,FORMULA 1 GULF AIR BAHRAIN GRAND PRIX 2023
4981.251161545602,1603.7476220625608,12,68.09,Serré,FORMULA 1 GULF AIR BAHRAIN GRAND PRIX 2023
6665.934072283377,449.2756371061455,13,92.54,Serré,FORMULA 1 GULF AIR BAHRAIN GRAND PRIX 2023
-145.4124578081196,-3472.8085483980503,14,89.14,Serré,FORMULA 1 GULF AIR BAHRAIN GRAND PRIX 2023
-552.8126057447134,-2803.66625094119,15,51.7,Serré,FORMULA 1 GULF AIR BAHRAIN GRAND PRIX 2023
-2908.523056214108,4757.490498091253,1,45.18,Serré,FORMULA 1 STC SAUDI ARABIAN GRAND PRIX 2023
-3463.1717202600994,4834.551790013647,2,72.76,Serré,FORMULA 1 STC SAUDI ARABIAN GRAND PRIX 2023
-3333.3247695142136,6205.801601139092,3,17.71,Moyen,FORMULA 1 STC SAUDI ARABIAN GRAND PRIX 2023
-3726.8753781951586,9192.730296885,4,37.39,Serré,FORMULA 1 STC SAUDI ARABIAN GRAND PRIX 2023
-4503.338061486339,9863.121848255349,5,71.74,Serré,FORMULA 1 STC SAUDI ARABIAN GRAND PRIX 2023
-4285.277170059697,11311.588157372298,6,59.76,Serré,FORMULA 1 STC SAUDI ARABIAN GRAND PRIX 2023
-4405.375789032021,12447.507360095766,7,42.69,Serré,FORMULA 1 STC SAUDI ARABIAN GRAND PRIX 2023
-4926.6524289887675,12948.264921924423,8,48.23,Serré,FORMULA 1 STC SAUDI ARABIAN GRAND PRIX 2023
-4851.685765788991,14451.23927618633,9,64.3,Serré,FORMULA 1 STC SAUDI ARABIAN GRAND PRIX 2023
-4049.885091566999,15075.214007695733,10,24.03,Moyen,FORMULA 1 STC SAUDI ARABIAN GRAND PRIX 2023
-3793.6155931845055,16049.942225670482,11,28.7,Moyen,FORMULA 1 STC SAUDI ARABIAN GRAND PRIX 2023
-3573.7348764062713,16904.96513044109,12,10.11,Large,FORMULA 1 STC SAUDI ARABIAN GRAND PRIX 2023
-4317.586218963094,21791.136106267713,13,174.7,Serré,FORMULA 1 STC SAUDI ARABIAN GRAND PRIX 2023
-4128.693808130403,18964.562668757066,14,41.34,Serré,FORMULA 1 STC SAUDI ARABIAN GRAND PRIX 2023
-4524.771575373783,16996.49388114333,15,12.53,Large,FORMULA 1 STC SAUDI ARABIAN GRAND PRIX 2023
-4900.2146767086415,15776.132943023345,16,25.17,Moyen,FORMULA 1 STC SAUDI ARABIAN GRAND PRIX 2023
-5687.898927810389,15233.132054777167,17,61.8,Serré,FORMULA 1 STC SAUDI ARABIAN GRAND PRIX 2023
-5575.506518373531,13034.768132909623,18,8.03,Large,FORMULA 1 STC SAUDI ARABIAN GRAND PRIX 2023
-4995.647738092284,11155.10295548154,19,10.1,Large,FORMULA 1 STC SAUDI ARABIAN GRAND PRIX 2023
-4663.182729865367,9118.43162273858,20,14.91,Large,FORMULA 1 STC SAUDI ARABIAN GRAND PRIX 2023
-3883.815484557315,7285.573383855088,21,30.65,Serré,FORMULA 1 STC SAUDI ARABIAN GRAND PRIX 2023
-3912.876567276061,4866.397794696875,22,49.51,Serré,FORMULA 1 STC SAUDI ARABIAN GRAND PRIX 2023
-3409.812556762191,4155.133314899098,23,14.95,Large,FORMULA 1 STC SAUDI ARABIAN GRAND PRIX 2023
-3104.1254266500055,2806.184304442164,24,42.13,Serré,FORMULA 1 STC SAUDI ARABIAN GRAND PRIX 2023
-4073.934794761703,93.77447360417227,25,32.51,Serré,FORMULA 1 STC SAUDI ARABIAN GRAND PRIX 2023
-3097.992407379881,-3343.273850025347,26,28.82,Moyen,FORMULA 1 STC SAUDI ARABIAN GRAND PRIX 2023
-126.0020350712939,-5554.263009208047,27,22.22,Moyen,FORMULA 1 STC SAUDI ARABIAN GRAND PRIX 2023
-3650.594482421875,1193.7841796875,1,53.75,Serré,FORMULA 1 ROLEX AUSTRALIAN GRAND PRIX 2023
-3555.05322265625,1992.750244140625,2,6.9,Large,FORMULA 1 ROLEX AUSTRALIAN GRAND PRIX 2023
-7194.97021484375,7101.9423828125,3,104.97,Serré,FORMULA 1 ROLEX AUSTRALIAN GRAND PRIX 2023
-5878.734375,7709.86474609375,4,77.72,Serré,FORMULA 1 ROLEX AUSTRALIAN GRAND PRIX 2023
-5870.66259765625,9676.8056640625,5,61.6,Serré,FORMULA 1 ROLEX AUSTRALIAN GRAND PRIX 2023
-2280.641357421875,11861.5595703125,6,47.38,Serré,FORMULA 1 ROLEX AUSTRALIAN GRAND PRIX 2023
-1296.3824462890625,11398.0087890625,7,12.42,Large,FORMULA 1 ROLEX AUSTRALIAN GRAND PRIX 2023
502.41253662109375,10576.3115234375,8,54.63,Serré,FORMULA 1 ROLEX AUSTRALIAN GRAND PRIX 2023
2838.84375,798.9598388671875,9,31.64,Serré,FORMULA 1 ROLEX AUSTRALIAN GRAND PRIX 2023
3973.896484375,855.0198974609375,10,32.87,Serré,FORMULA 1 ROLEX AUSTRALIAN GRAND PRIX 2023
7489.130859375,-4851.34521484375,11,87.38,Serré,FORMULA 1 ROLEX AUSTRALIAN GRAND PRIX 2023
5020.2177734375,-5538.8876953125,12,72.24,Serré,FORMULA 1 ROLEX AUSTRALIAN GRAND PRIX 2023
3587.2265625,-3634.0,13,105.58,Serré,FORMULA 1 ROLEX AUSTRALIAN GRAND PRIX 2023
2300.2841796875,-4454.0234375,14,82.85,Serré,FORMULA 1 ROLEX AUSTRALIAN GRAND PRIX 2023
3689.0374001567743,631.3189725875945,1,85.28,Serré,FORMULA 1 AZERBAIJAN GRAND PRIX 2023
2384.0669137610676,3686.0714516243042,2,85.4,Serré,FORMULA 1 AZERBAIJAN GRAND PRIX 2023
-5565.825567829175,374.2425523226766,3,86.98,Serré,FORMULA 1 AZERBAIJAN GRAND PRIX 2023
-4862.6651767420935,-1723.1620080668729,4,87.62,Serré,FORMULA 1 AZERBAIJAN GRAND PRIX 2023
-7728.697050002749,-3377.074091094411,5,15.92,Moyen,FORMULA 1 AZERBAIJAN GRAND PRIX 2023
-7617.318818496836,-3926.026038238873,6,18.01,Moyen,FORMULA 1 AZERBAIJAN GRAND PRIX 2023
-10710.063798831094,-6235.337256785684,7,100.71,Serré,FORMULA 1 AZERBAIJAN GRAND PRIX 2023
-11409.887894367614,-4438.977047761271,8,61.02,Serré,FORMULA 1 AZERBAIJAN GRAND PRIX 2023
-11606.2553499057,-4286.033173998214,9,55.24,Serré,FORMULA 1 AZERBAIJAN GRAND PRIX 2023
-11886.309274295963,-4199.07140004945,10,23.58,Moyen,FORMULA 1 AZERBAIJAN GRAND PRIX 2023
-12352.278964478111,-4129.880226960703,11,51.27,Serré,FORMULA 1 AZERBAIJAN GRAND PRIX 2023
-12573.09027225614,-3645.1900160358095,12,61.1,Serré,FORMULA 1 AZERBAIJAN GRAND PRIX 2023
-16186.999703336216,-5197.330621083427,13,47.19,Serré,FORMULA 1 AZERBAIJAN GRAND PRIX 2023
-16888.82437537549,-7335.751780162162,14,31.54,Serré,FORMULA 1 AZERBAIJAN GRAND PRIX 2023
-16846.43031172375,-9555.895632026248,15,65.9,Serré,FORMULA 1 AZERBAIJAN GRAND PRIX 2023
-13660.610623947281,-11108.575388918323,16,86.74,Serré,FORMULA 1 AZERBAIJAN GRAND PRIX 2023
-12714.251049135808,-9481.44133662404,17,19.77,Moyen,FORMULA 1 AZERBAIJAN GRAND PRIX 2023
-11029.53380137574,-7796.23853385484,18,11.39,Large,FORMULA 1 AZERBAIJAN GRAND PRIX 2023
-10524.590291121332,-6346.5942106800085,19,21.09,Moyen,FORMULA 1 AZERBAIJAN GRAND PRIX 2023
-8077.3100390339205,-4403.674074673621,20,14.77,Large,FORMULA 1 AZERBAIJAN GRAND PRIX 2023
5000.369793483242,-1839.8522404781493,1,97.53,Serré,FORMULA 1 CRYPTO.COM MIAMI GRAND PRIX 2023
4462.642212325851,-2689.7583956578064,2,20.62,Moyen,FORMULA 1 CRYPTO.COM MIAMI GRAND PRIX 2023
4309.500670688195,-3575.67295168473,3,56.47,Serré,FORMULA 1 CRYPTO.COM MIAMI GRAND PRIX 2023
-676.0693652512309,-2600.6091257160274,4,34.83,Serré,FORMULA 1 CRYPTO.COM MIAMI GRAND PRIX 2023
-1907.3326955178982,-3176.9562439254723,5,29.57,Moyen,FORMULA 1 CRYPTO.COM MIAMI GRAND PRIX 2023
-3137.5593907383045,-2430.703374495633,6,54.34,Serré,FORMULA 1 CRYPTO.COM MIAMI GRAND PRIX 2023
-4269.134881984064,-3061.383489615324,7,118.76,Serré,FORMULA 1 CRYPTO.COM MIAMI GRAND PRIX 2023
-4102.85861495594,-3929.779531894037,8,48.94,Serré,FORMULA 1 CRYPTO.COM MIAMI GRAND PRIX 2023
1099.937315405985,-4144.409317682837,9,17.39,Moyen,FORMULA 1 CRYPTO.COM MIAMI GRAND PRIX 2023
3806.3527998616332,-4793.668301112775,10,26.38,Moyen,FORMULA 1 CRYPTO.COM MIAMI GRAND PRIX 2023
9665.021110379748,-2550.919180644675,11,104.13,Serré,FORMULA 1 CRYPTO.COM MIAMI GRAND PRIX 2023
9121.664811212708,-1632.476629886879,12,111.37,Serré,FORMULA 1 CRYPTO.COM MIAMI GRAND PRIX 2023
10178.349780215427,-1114.2869760280732,13,49.65,Serré,FORMULA 1 CRYPTO.COM MIAMI GRAND PRIX 2023
10550.674337648416,-506.2839966977317,14,11.71,Large,FORMULA 1 CRYPTO.COM MIAMI GRAND PRIX 2023
10423.83331142524,-365.12324260597416,15,10.08,Large,FORMULA 1 CRYPTO.COM MIAMI GRAND PRIX 2023
10488.330955116391,520.3380238835039,16,97.73,Serré,FORMULA 1 CRYPTO.COM MIAMI GRAND PRIX 2023
-2590.1974394339068,924.3686299701099,17,121.41,Serré,FORMULA 1 CRYPTO.COM MIAMI GRAND PRIX 2023
-1584.2044787404711,167.169604298188,18,53.43,Serré,FORMULA 1 CRYPTO.COM MIAMI GRAND PRIX 2023
428.83100056233343,623.5196314303143,19,41.07,Serré,FORMULA 1 CRYPTO.COM MIAMI GRAND PRIX 2023
-7381.10693359375,-4719.94921875,1,72.58,Serré,FORMULA 1 GRAND PRIX DE MONACO 2023
-3634.549072265625,-3769.346435546875,2,13.64,Large,FORMULA 1 GRAND PRIX DE MONACO 2023
-2275.6494140625,-3071.90087890625,3,101.11,Serré,FORMULA 1 GRAND PRIX DE MONACO 2023
-2745.11328125,-1956.1094970703125,4,64.3,Serré,FORMULA 1 GRAND PRIX DE MONACO 2023
-1422.224853515625,-197.89369201660156,5,120.91,Serré,FORMULA 1 GRAND PRIX DE MONACO 2023
-797.2467651367188,-1127.089111328125,6,173.43,Serré,FORMULA 1 GRAND PRIX DE MONACO 2023
-1016.8847045898438,-477.5965576171875,7,106.95,Serré,FORMULA 1 GRAND PRIX DE MONACO 2023
-271.22930908203125,-251.0789794921875,8,55.95,Serré,FORMULA 1 GRAND PRIX DE MONACO 2023
-1126.0921630859375,-3321.8916015625,9,40.12,Serré,FORMULA 1 GRAND PRIX DE MONACO 2023
-4159.9892578125,-4441.59521484375,10,4.1,Large,FORMULA 1 GRAND PRIX DE MONACO 2023
-4579.203125,-4621.61669921875,11,25.89,Moyen,FORMULA 1 GRAND PRIX DE MONACO 2023
-6814.4267578125,-4914.705078125,12,68.37,Serré,FORMULA 1 GRAND PRIX DE MONACO 2023
-7167.99951171875,-6327.60107421875,13,32.11,Serré,FORMULA 1 GRAND PRIX DE MONACO 2023
-6992.05419921875,-6563.8642578125,14,32.11,Serré,FORMULA 1 GRAND PRIX DE MONACO 2023
-6752.3818359375,-7870.388671875,15,2.34,Large,FORMULA 1 GRAND PRIX DE MONACO 2023
-6875.2265625,-8042.5830078125,16,11.15,Large,FORMULA 1 GRAND PRIX DE MONACO 2023
-6723.556640625,-8744.119140625,17,71.37,Serré,FORMULA 1 GRAND PRIX DE MONACO 2023
-5928.0,-9572.421875,18,118.38,Serré,FORMULA 1 GRAND PRIX DE MONACO 2023
-6718.7294921875,-9704.8701171875,19,63.06,Serré,FORMULA 1 GRAND PRIX DE MONACO 2023
-3102.4705973153305,-6966.730800740276,1,67.22,Serré,FORMULA 1 AWS GRAN PREMIO DE ESPAÑA 2023
-3874.7583230391156,-6783.703176678725,2,24.02,Moyen,FORMULA 1 AWS GRAN PREMIO DE ESPAÑA 2023
-6195.325832683519,-7289.139507704795,3,84.1,Serré,FORMULA 1 AWS GRAN PREMIO DE ESPAÑA 2023
-4426.529400725318,-2915.92815508894,4,107.08,Serré,FORMULA 1 AWS GRAN PREMIO DE ESPAÑA 2023
-4542.259294075855,-6165.090488463807,5,49.76,Serré,FORMULA 1 AWS GRAN PREMIO DE ESPAÑA 2023
-2919.047113239949,-5303.979987824779,6,33.16,Serré,FORMULA 1 AWS GRAN PREMIO DE ESPAÑA 2023
-2085.696726119249,-3887.2126692798247,7,75.16,Serré,FORMULA 1 AWS GRAN PREMIO DE ESPAÑA 2023
-2706.3344852401556,-3238.04087867866,8,13.9,Large,FORMULA 1 AWS GRAN PREMIO DE ESPAÑA 2023
-3399.618785137742,-746.8769695595092,9,81.8,Serré,FORMULA 1 AWS GRAN PREMIO DE ESPAÑA 2023
1428.3820141701494,2292.7810928036356,10,132.12,Serré,FORMULA 1 AWS GRAN PREMIO DE ESPAÑA 2023
142.23921186556618,2415.562978813626,11,9.21,Large,FORMULA 1 AWS GRAN PREMIO DE ESPAÑA 2023
-842.6948558408556,2193.1318681426874,12,127.8,Serré,FORMULA 1 AWS GRAN PREMIO DE ESPAÑA 2023
538.1157727828859,4122.028999634798,13,65.17,Serré,FORMULA 1 AWS GRAN PREMIO DE ESPAÑA 2023
2881.013214318282,2459.7294748811983,14,79.04,Serré,FORMULA 1 AWS GRAN PREMIO DE ESPAÑA 2023
3314.213623046875,-1317.8548583984375,1,57.02,Serré,FORMULA 1 PIRELLI GRAND PRIX DU CANADA 2023
3856.566650390625,-2073.48876953125,2,138.22,Serré,FORMULA 1 PIRELLI GRAND PRIX DU CANADA 2023
740.00048828125,-608.991943359375,3,28.94,Moyen,FORMULA 1 PIRELLI GRAND PRIX DU CANADA 2023
746.3623046875,-42.99305725097656,4,13.83,Large,FORMULA 1 PIRELLI GRAND PRIX DU CANADA 2023
-724.0447387695312,1618.9674072265625,5,39.63,Serré,FORMULA 1 PIRELLI GRAND PRIX DU CANADA 2023
-993.9166259765625,3790.888671875,6,95.3,Serré,FORMULA 1 PIRELLI GRAND PRIX DU CANADA 2023
-1783.8714599609375,4016.30078125,7,64.33,Serré,FORMULA 1 PIRELLI GRAND PRIX DU CANADA 2023
-1785.4404296875,10539.7060546875,8,33.81,Serré,FORMULA 1 PIRELLI GRAND PRIX DU CANADA 2023
-1140.2919921875,10976.314453125,9,44.58,Serré,FORMULA 1 PIRELLI GRAND PRIX DU CANADA 2023
-711.50537109375,16759.564453125,10,170.12,Serré,FORMULA 1 PIRELLI GRAND PRIX DU CANADA 2023
-374.8269958496094,15840.400390625,11,9.7,Large,FORMULA 1 PIRELLI GRAND PRIX DU CANADA 2023
975.87255859375,12421.1728515625,12,8.65,Large,FORMULA 1 PIRELLI GRAND PRIX DU CANADA 2023
2586.933349609375,5440.8330078125,13,31.53,Serré,FORMULA 1 PIRELLI GRAND PRIX DU CANADA 2023
2435.436279296875,5153.82958984375,14,27.16,Moyen,FORMULA 1 PIRELLI GRAND PRIX DU CANADA 2023
-3063.95654296875,-2208.505859375,1,69.18,Serré,FORMULA 1 ROLEX GROSSER PREIS VON ÖSTERREICH 2023
-6314.69482421875,3218.050048828125,2,17.72,Moyen,FORMULA 1 ROLEX GROSSER PREIS VON ÖSTERREICH 2023
-8209.9208984375,5460.17724609375,3,115.28,Serré,FORMULA 1 ROLEX GROSSER PREIS VON ÖSTERREICH 2023
-266.37420654296875,4694.2724609375,4,106.36,Serré,FORMULA 1 ROLEX GROSSER PREIS VON ÖSTERREICH 2023
-1473.040283203125,3462.345947265625,5,49.25,Serré,FORMULA 1 ROLEX GROSSER PREIS VON ÖSTERREICH 2023
-4632.14404296875,3322.6875,6,111.24,Serré,FORMULA 1 ROLEX GROSSER PREIS VON ÖSTERREICH 2023
-3272.00830078125,853.0664672851562,7,86.35,Serré,FORMULA 1 ROLEX GROSSER PREIS VON ÖSTERREICH 2023
-1618.7939453125,1948.8214111328125,8,38.16,Serré,FORMULA 1 ROLEX GROSSER PREIS VON ÖSTERREICH 2023
3669.864501953125,1852.27734375,9,69.14,Serré,FORMULA 1 ROLEX GROSSER PREIS VON ÖSTERREICH 2023
4201.1748046875,85.38370513916016,10,77.81,Serré,FORMULA 1 ROLEX GROSSER PREIS VON ÖSTERREICH 2023
1192.50830078125,4503.826171875,1,31.88,Serré,FORMULA 1 ARAMCO BRITISH GRAND PRIX 2023
2770.315185546875,4462.89208984375,2,25.15,Moyen,FORMULA 1 ARAMCO BRITISH GRAND PRIX 2023
4845.322265625,5895.13037109375,3,86.39,Serré,FORMULA 1 ARAMCO BRITISH GRAND PRIX 2023
5802.7041015625,4733.5244140625,4,124.5,Serré,FORMULA 1 ARAMCO BRITISH GRAND PRIX 2023
6232.291015625,6458.9794921875,5,61.84,Serré,FORMULA 1 ARAMCO BRITISH GRAND PRIX 2023
631.385986328125,10910.232421875,6,97.33,Serré,FORMULA 1 ARAMCO BRITISH GRAND PRIX 2023
-566.2516479492188,9540.3837890625,7,152.88,Serré,FORMULA 1 ARAMCO BRITISH GRAND PRIX 2023
761.3385620117188,12361.55859375,8,38.52,Serré,FORMULA 1 ARAMCO BRITISH GRAND PRIX 2023
5893.8935546875,12947.2099609375,9,66.6,Serré,FORMULA 1 ARAMCO BRITISH GRAND PRIX 2023
7295.830078125,7780.4658203125,10,25.86,Moyen,FORMULA 1 ARAMCO BRITISH GRAND PRIX 2023
7534.9931640625,6906.171875,11,30.45,Serré,FORMULA 1 ARAMCO BRITISH GRAND PRIX 2023
7336.6962890625,5474.73486328125,12,29.96,Moyen,FORMULA 1 ARAMCO BRITISH GRAND PRIX 2023
7776.478515625,4163.52197265625,13,71.85,Serré,FORMULA 1 ARAMCO BRITISH GRAND PRIX 2023
6806.81005859375,3146.68896484375,14,11.84,Large,FORMULA 1 ARAMCO BRITISH GRAND PRIX 2023
2398.9521484375,-4099.2412109375,15,91.97,Serré,FORMULA 1 ARAMCO BRITISH GRAND PRIX 2023
-620.4287109375,-993.7661743164062,16,65.06,Serré,FORMULA 1 ARAMCO BRITISH GRAND PRIX 2023
-1438.0526123046875,-1146.76318359375,17,57.89,Serré,FORMULA 1 ARAMCO BRITISH GRAND PRIX 2023
-2309.334228515625,-105.71966552734375,18,58.61,Serré,FORMULA 1 ARAMCO BRITISH GRAND PRIX 2023
-6033.7314453125,4029.2685546875,1,131.95,Serré,FORMULA 1 QATAR AIRWAYS HUNGARIAN GRAND PRIX 2023
-4288.64501953125,3778.159912109375,1,23.59,Moyen,FORMULA 1 QATAR AIRWAYS HUNGARIAN GRAND PRIX 2023
-1739.7655029296875,2279.862060546875,2,139.59,Serré,FORMULA 1 QATAR AIRWAYS HUNGARIAN GRAND PRIX 2023
-2081.064208984375,3944.518310546875,3,52.71,Serré,FORMULA 1 QATAR AIRWAYS HUNGARIAN GRAND PRIX 2023
137.27439880371094,8089.453125,4,49.86,Serré,FORMULA 1 QATAR AIRWAYS HUNGARIAN GRAND PRIX 2023
-20.38125991821289,10382.619140625,5,126.14,Serré,FORMULA 1 QATAR AIRWAYS HUNGARIAN GRAND PRIX 2023
2399.324462890625,8671.92578125,6,13.3,Large,FORMULA 1 QATAR AIRWAYS HUNGARIAN GRAND PRIX 2023
2251.829833984375,8271.9306640625,7,16.56,Moyen,FORMULA 1 QATAR AIRWAYS HUNGARIAN GRAND PRIX 2023
2747.3857421875,6726.5771484375,8,57.25,Serré,FORMULA 1 QATAR AIRWAYS HUNGARIAN GRAND PRIX 2023
3969.8935546875,6201.38525390625,9,86.33,Serré,FORMULA 1 QATAR AIRWAYS HUNGARIAN GRAND PRIX 2023
3859.828125,4303.83642578125,10,34.1,Serré,FORMULA 1 QATAR AIRWAYS HUNGARIAN GRAND PRIX 2023
4508.7236328125,2507.1708984375,11,67.8,Serré,FORMULA 1 QATAR AIRWAYS HUNGARIAN GRAND PRIX 2023
1823.3304443359375,-301.9350891113281,12,90.66,Serré,FORMULA 1 QATAR AIRWAYS HUNGARIAN GRAND PRIX 2023
917.1895751953125,547.991455078125,12,39.16,Serré,FORMULA 1 QATAR AIRWAYS HUNGARIAN GRAND PRIX 2023
-202.31922912597656,920.361572265625,13,157.77,Serré,FORMULA 1 QATAR AIRWAYS HUNGARIAN GRAND PRIX 2023
828.6363525390625,-1344.8851318359375,14,127.98,Serré,FORMULA 1 QATAR AIRWAYS HUNGARIAN GRAND PRIX 2023
-2268.255615234375,4480.01220703125,1,129.16,Serré,FORMULA 1 MSC CRUISES BELGIAN GRAND PRIX 2023
2999.999267578125,504.4121398925781,2,12.99,Large,FORMULA 1 MSC CRUISES BELGIAN GRAND PRIX 2023
3817.088134765625,-223.75808715820312,3,27.2,Moyen,FORMULA 1 MSC CRUISES BELGIAN GRAND PRIX 2023
4054.815185546875,-1175.5828857421875,4,1.22,Large,FORMULA 1 MSC CRUISES BELGIAN GRAND PRIX 2023
8288.3798828125,-11558.162109375,5,49.49,Serré,FORMULA 1 MSC CRUISES BELGIAN GRAND PRIX 2023
7822.23583984375,-12185.4541015625,6,44.85,Serré,FORMULA 1 MSC CRUISES BELGIAN GRAND PRIX 2023
7960.5205078125,-13774.4111328125,7,67.39,Serré,FORMULA 1 MSC CRUISES BELGIAN GRAND PRIX 2023
4795.484375,-15569.1689453125,8,132.98,Serré,FORMULA 1 MSC CRUISES BELGIAN GRAND PRIX 2023
6124.01416015625,-13828.8994140625,9,71.66,Serré,FORMULA 1 MSC CRUISES BELGIAN GRAND PRIX 2023
4679.7138671875,-8919.283203125,10,82.73,Serré,FORMULA 1 MSC CRUISES BELGIAN GRAND PRIX 2023
2442.751220703125,-8984.7734375,11,71.42,Serré,FORMULA 1 MSC CRUISES BELGIAN GRAND PRIX 2023
765.8057861328125,-12791.740234375,12,82.16,Serré,FORMULA 1 MSC CRUISES BELGIAN GRAND PRIX 2023
-711.81396484375,-12662.1513671875,13,61.89,Serré,FORMULA 1 MSC CRUISES BELGIAN GRAND PRIX 2023
-2527.06591796875,-14855.037109375,14,87.88,Serré,FORMULA 1 MSC CRUISES BELGIAN GRAND PRIX 2023
-4336.47314453125,-13437.90234375,15,68.25,Serré,FORMULA 1 MSC CRUISES BELGIAN GRAND PRIX 2023
370.2557678222656,-8378.4921875,16,33.56,Serré,FORMULA 1 MSC CRUISES BELGIAN GRAND PRIX 2023
1346.130126953125,-5851.3837890625,17,42.25,Serré,FORMULA 1 MSC CRUISES BELGIAN GRAND PRIX 2023
24.782848358154297,-701.6300048828125,18,78.48,Serré,FORMULA 1 MSC CRUISES BELGIAN GRAND PRIX 2023
549.4779052734375,-386.9144592285156,19,103.87,Serré,FORMULA 1 MSC CRUISES BELGIAN GRAND PRIX 2023
2045.2357177734375,6685.8916015625,1,127.44,Serré,FORMULA 1 HEINEKEN DUTCH GRAND PRIX 2023
1769.6058349609375,3831.817626953125,2,52.2,Serré,FORMULA 1 HEINEKEN DUTCH GRAND PRIX 2023
733.6047973632812,2809.591552734375,3,146.62,Serré,FORMULA 1 HEINEKEN DUTCH GRAND PRIX 2023
2716.9189453125,3031.772216796875,4,25.63,Moyen,FORMULA 1 HEINEKEN DUTCH GRAND PRIX 2023
4555.51513671875,2861.585693359375,5,29.66,Moyen,FORMULA 1 HEINEKEN DUTCH GRAND PRIX 2023
6001.01171875,3518.558349609375,6,20.43,Moyen,FORMULA 1 HEINEKEN DUTCH GRAND PRIX 2023
8671.6748046875,2879.995361328125,7,99.2,Serré,FORMULA 1 HEINEKEN DUTCH GRAND PRIX 2023
7340.24365234375,117.99333190917969,8,75.41,Serré,FORMULA 1 HEINEKEN DUTCH GRAND PRIX 2023
5498.07763671875,848.86279296875,9,119.2,Serré,FORMULA 1 HEINEKEN DUTCH GRAND PRIX 2023
7457.498046875,2120.50927734375,10,123.95,Serré,FORMULA 1 HEINEKEN DUTCH GRAND PRIX 2023
2016.62158203125,1550.578857421875,11,40.96,Serré,FORMULA 1 HEINEKEN DUTCH GRAND PRIX 2023
1264.3878173828125,1672.33203125,12,118.56,Serré,FORMULA 1 HEINEKEN DUTCH GRAND PRIX 2023
1540.923828125,-1313.8089599609375,13,99.16,Serré,FORMULA 1 HEINEKEN DUTCH GRAND PRIX 2023
-881.4706420898438,-828.2156372070312,14,84.15,Serré,FORMULA 1 HEINEKEN DUTCH GRAND PRIX 2023
-569.5805053710938,8153.724609375,1,54.66,Serré,FORMULA 1 PIRELLI GRAN PREMIO D’ITALIA 2023 
-146.75457763671875,8474.9814453125,2,74.78,Serré,FORMULA 1 PIRELLI GRAN PREMIO D’ITALIA 2023 
611.6001586914062,13310.6201171875,3,38.47,Serré,FORMULA 1 PIRELLI GRAN PREMIO D’ITALIA 2023 
6808.6552734375,14630.75390625,4,28.48,Moyen,FORMULA 1 PIRELLI GRAN PREMIO D’ITALIA 2023 
7130.8720703125,15023.123046875,5,23.32,Moyen,FORMULA 1 PIRELLI GRAN PREMIO D’ITALIA 2023 
10554.8564453125,15713.8046875,6,85.37,Serré,FORMULA 1 PIRELLI GRAN PREMIO D’ITALIA 2023 
10972.642578125,12648.357421875,7,68.22,Serré,FORMULA 1 PIRELLI GRAN PREMIO D’ITALIA 2023 
2562.920166015625,6171.0234375,8,29.85,Moyen,FORMULA 1 PIRELLI GRAN PREMIO D’ITALIA 2023 
2478.04150390625,5270.56201171875,9,7.25,Large,FORMULA 1 PIRELLI GRAN PREMIO D’ITALIA 2023 
1890.1082763671875,4451.185546875,10,22.02,Moyen,FORMULA 1 PIRELLI GRAN PREMIO D’ITALIA 2023 
-55.33073425292969,-5800.1669921875,11,94.8,Serré,FORMULA 1 PIRELLI GRAN PREMIO D’ITALIA 2023 
431.13265185736964,3476.576339145755,1,54.4,Serré,FORMULA 1 SINGAPORE AIRLINES SINGAPORE GRAND PRIX 2023 
-195.2140342729199,3722.2068354357343,2,13.8,Large,FORMULA 1 SINGAPORE AIRLINES SINGAPORE GRAND PRIX 2023 
-779.7542602987305,4085.8999696922547,3,91.07,Serré,FORMULA 1 SINGAPORE AIRLINES SINGAPORE GRAND PRIX 2023 
-1000.248495084903,2762.5658073638174,4,7.82,Large,FORMULA 1 SINGAPORE AIRLINES SINGAPORE GRAND PRIX 2023 
-704.2751363886564,290.4987435530211,5,115.57,Serré,FORMULA 1 SINGAPORE AIRLINES SINGAPORE GRAND PRIX 2023 
-4914.428676444357,446.07877429337077,6,22.68,Moyen,FORMULA 1 SINGAPORE AIRLINES SINGAPORE GRAND PRIX 2023 
-8210.484031585085,2141.91893694609,7,78.7,Serré,FORMULA 1 SINGAPORE AIRLINES SINGAPORE GRAND PRIX 2023 
-9608.455015003696,545.2344521818222,8,106.11,Serré,FORMULA 1 SINGAPORE AIRLINES SINGAPORE GRAND PRIX 2023 
-11035.325462710984,1643.4830602634265,9,82.66,Serré,FORMULA 1 SINGAPORE AIRLINES SINGAPORE GRAND PRIX 2023 
-13197.999977462843,-1883.9884365433581,10,78.74,Serré,FORMULA 1 SINGAPORE AIRLINES SINGAPORE GRAND PRIX 2023 
-12225.258327405409,-3008.9788169688827,11,27.07,Moyen,FORMULA 1 SINGAPORE AIRLINES SINGAPORE GRAND PRIX 2023 
-11972.752928264084,-3759.2471044775466,12,27.38,Moyen,FORMULA 1 SINGAPORE AIRLINES SINGAPORE GRAND PRIX 2023 
-10795.164153894957,-4903.60650770113,13,119.23,Serré,FORMULA 1 SINGAPORE AIRLINES SINGAPORE GRAND PRIX 2023 
-9087.216472295006,75.60817055162295,14,80.3,Serré,FORMULA 1 SINGAPORE AIRLINES SINGAPORE GRAND PRIX 2023 
-7370.032739596296,-1290.3335741899066,15,35.48,Serré,FORMULA 1 SINGAPORE AIRLINES SINGAPORE GRAND PRIX 2023 
-2544.27408282517,-1747.779915053758,16,46.29,Serré,FORMULA 1 SINGAPORE AIRLINES SINGAPORE GRAND PRIX 2023 
-2205.492524818259,-2401.4104525295033,17,51.27,Serré,FORMULA 1 SINGAPORE AIRLINES SINGAPORE GRAND PRIX 2023 
386.8427724646517,-2657.5894968940347,18,56.85,Serré,FORMULA 1 SINGAPORE AIRLINES SINGAPORE GRAND PRIX 2023 
1136.5661843074995,-1839.636021516253,19,63.85,Serré,FORMULA 1 SINGAPORE AIRLINES SINGAPORE GRAND PRIX 2023 
6045.8194879946805,-6283.4911307646325,1,98.36,Serré,FORMULA 1 LENOVO JAPANESE GRAND PRIX 2023 
5449.313781341823,-7325.65579009338,2,102.31,Serré,FORMULA 1 LENOVO JAPANESE GRAND PRIX 2023 
3858.6019661688397,-5655.760175448682,3,40.49,Serré,FORMULA 1 LENOVO JAPANESE GRAND PRIX 2023 
2504.3939347955493,-5170.41048332579,4,32.68,Serré,FORMULA 1 LENOVO JAPANESE GRAND PRIX 2023 
1936.8767402088579,-3891.8444247296457,5,44.96,Serré,FORMULA 1 LENOVO JAPANESE GRAND PRIX 2023 
322.5295929138356,-3353.3457139121856,6,93.38,Serré,FORMULA 1 LENOVO JAPANESE GRAND PRIX 2023 
-609.3335171653484,-757.036992571153,7,52.27,Serré,FORMULA 1 LENOVO JAPANESE GRAND PRIX 2023 
-3863.6182473492945,-2682.4262950455272,8,48.58,Serré,FORMULA 1 LENOVO JAPANESE GRAND PRIX 2023 
-5441.4229928375935,-2850.1328632590235,9,88.36,Serré,FORMULA 1 LENOVO JAPANESE GRAND PRIX 2023 
-6159.973406518737,83.27579395014482,10,31.29,Serré,FORMULA 1 LENOVO JAPANESE GRAND PRIX 2023 
-5880.570255368542,1633.2612531359882,11,152.93,Serré,FORMULA 1 LENOVO JAPANESE GRAND PRIX 2023 
-7537.1911548545095,-247.0956165533321,12,48.43,Serré,FORMULA 1 LENOVO JAPANESE GRAND PRIX 2023 
-12191.272030431835,2706.535522228907,13,76.19,Serré,FORMULA 1 LENOVO JAPANESE GRAND PRIX 2023 
-13672.200692317143,2412.5381214497556,14,108.69,Serré,FORMULA 1 LENOVO JAPANESE GRAND PRIX 2023 
-4940.682659764005,-2004.2672744686195,15,52.09,Serré,FORMULA 1 LENOVO JAPANESE GRAND PRIX 2023 
-1848.3555035285224,271.93388684760157,16,53.51,Serré,FORMULA 1 LENOVO JAPANESE GRAND PRIX 2023 
-1390.6108201208317,-10.204187628507043,17,44.22,Serré,FORMULA 1 LENOVO JAPANESE GRAND PRIX 2023 
358.6141693110658,346.781710878844,18,44.97,Serré,FORMULA 1 LENOVO JAPANESE GRAND PRIX 2023 
-4102.06103515625,5867.05322265625,1,153.29,Serré,FORMULA 1 QATAR AIRWAYS QATAR GRAND PRIX 2023
-1498.0576171875,5023.38720703125,2,101.74,Serré,FORMULA 1 QATAR AIRWAYS QATAR GRAND PRIX 2023
-1169.0216064453125,7151.10546875,3,41.64,Serré,FORMULA 1 QATAR AIRWAYS QATAR GRAND PRIX 2023
1700.86083984375,10042.0947265625,4,88.06,Serré,FORMULA 1 QATAR AIRWAYS QATAR GRAND PRIX 2023
2741.896728515625,8983.0322265625,5,86.59,Serré,FORMULA 1 QATAR AIRWAYS QATAR GRAND PRIX 2023
1329.40283203125,6525.28759765625,6,136.35,Serré,FORMULA 1 QATAR AIRWAYS QATAR GRAND PRIX 2023
4931.5595703125,7220.83154296875,7,108.77,Serré,FORMULA 1 QATAR AIRWAYS QATAR GRAND PRIX 2023
4091.14208984375,5631.65576171875,8,5.54,Large,FORMULA 1 QATAR AIRWAYS QATAR GRAND PRIX 2023
3637.8564453125,4513.4716796875,9,46.96,Serré,FORMULA 1 QATAR AIRWAYS QATAR GRAND PRIX 2023
1632.4962158203125,3576.8994140625,10,106.68,Serré,FORMULA 1 QATAR AIRWAYS QATAR GRAND PRIX 2023
3995.45068359375,1980.9371337890625,11,27.43,Moyen,FORMULA 1 QATAR AIRWAYS QATAR GRAND PRIX 2023
7034.22900390625,2124.40966796875,12,65.31,Serré,FORMULA 1 QATAR AIRWAYS QATAR GRAND PRIX 2023
8044.39306640625,485.46246337890625,13,69.7,Serré,FORMULA 1 QATAR AIRWAYS QATAR GRAND PRIX 2023
6947.80908203125,-1163.4581298828125,14,65.76,Serré,FORMULA 1 QATAR AIRWAYS QATAR GRAND PRIX 2023
4053.34375,-775.6227416992188,15,67.71,Serré,FORMULA 1 QATAR AIRWAYS QATAR GRAND PRIX 2023
1474.8946533203125,-4596.61767578125,16,96.21,Serré,FORMULA 1 QATAR AIRWAYS QATAR GRAND PRIX 2023
3743.505950560483,-4013.3678672920078,1,132.11,Serré,FORMULA 1 LENOVO UNITED STATES GRAND PRIX 2023
3414.022004158147,-1696.4977152979786,2,69.32,Serré,FORMULA 1 LENOVO UNITED STATES GRAND PRIX 2023
5395.315371904974,-54.73041858963802,3,12.01,Large,FORMULA 1 LENOVO UNITED STATES GRAND PRIX 2023
5846.153185134,682.4340137004386,4,17.12,Moyen,FORMULA 1 LENOVO UNITED STATES GRAND PRIX 2023
6609.267124870705,1281.73631572348,5,8.81,Large,FORMULA 1 LENOVO UNITED STATES GRAND PRIX 2023
7165.299058163059,2448.096460587591,6,69.64,Serré,FORMULA 1 LENOVO UNITED STATES GRAND PRIX 2023
9287.59816520198,2343.861924048018,7,55.04,Serré,FORMULA 1 LENOVO UNITED STATES GRAND PRIX 2023
10475.25965605229,3267.2329941228463,8,75.36,Serré,FORMULA 1 LENOVO UNITED STATES GRAND PRIX 2023
11266.63987279964,2843.723967841445,9,30.35,Serré,FORMULA 1 LENOVO UNITED STATES GRAND PRIX 2023
13265.495253457295,3339.9514603285365,10,35.15,Serré,FORMULA 1 LENOVO UNITED STATES GRAND PRIX 2023
15557.826820202115,6316.789651088751,11,119.98,Serré,FORMULA 1 LENOVO UNITED STATES GRAND PRIX 2023
4025.1148393632216,3996.419189060194,12,116.94,Serré,FORMULA 1 LENOVO UNITED STATES GRAND PRIX 2023
4941.5833838497,2058.1670910820194,13,124.02,Serré,FORMULA 1 LENOVO UNITED STATES GRAND PRIX 2023
4279.206066924415,2035.9921472841122,14,63.78,Serré,FORMULA 1 LENOVO UNITED STATES GRAND PRIX 2023
2856.971820674472,3037.7723595471184,15,142.06,Serré,FORMULA 1 LENOVO UNITED STATES GRAND PRIX 2023
3693.059720660606,1427.1712545632547,16,68.73,Serré,FORMULA 1 LENOVO UNITED STATES GRAND PRIX 2023
3320.2825975725164,212.0593181515851,17,73.06,Serré,FORMULA 1 LENOVO UNITED STATES GRAND PRIX 2023
2005.0009056930412,-12.105512097587734,18,64.32,Serré,FORMULA 1 LENOVO UNITED STATES GRAND PRIX 2023
45.34517859774405,1887.2539478629997,19,73.24,Serré,FORMULA 1 LENOVO UNITED STATES GRAND PRIX 2023
-2544.6723020443987,618.3306286295765,20,102.53,Serré,FORMULA 1 LENOVO UNITED STATES GRAND PRIX 2023
11549.390625,-620.4165039062495,1,87.71,Serré,FORMULA 1 GRAN PREMIO DE LA CIUDAD DE MÉXICO 2023
11579.570556640625,-1334.7114257812495,2,54.78,Serré,FORMULA 1 GRAN PREMIO DE LA CIUDAD DE MÉXICO 2023
11984.5009765625,-1769.0202636718745,3,57.65,Serré,FORMULA 1 GRAN PREMIO DE LA CIUDAD DE MÉXICO 2023
8811.018692016602,-7835.0654296875,4,85.32,Serré,FORMULA 1 GRAN PREMIO DE LA CIUDAD DE MÉXICO 2023
9258.899475097656,-8332.6875,5,104.74,Serré,FORMULA 1 GRAN PREMIO DE LA CIUDAD DE MÉXICO 2023
8180.223449707031,-9021.7958984375,6,104.54,Serré,FORMULA 1 GRAN PREMIO DE LA CIUDAD DE MÉXICO 2023
8337.142669677734,-5797.26025390625,7,52.98,Serré,FORMULA 1 GRAN PREMIO DE LA CIUDAD DE MÉXICO 2023
7521.6416015625,-5024.2841796875,8,24.08,Moyen,FORMULA 1 GRAN PREMIO DE LA CIUDAD DE MÉXICO 2023
7078.6907958984375,-4423.57568359375,9,35.12,Serré,FORMULA 1 GRAN PREMIO DE LA CIUDAD DE MÉXICO 2023
5329.669921875,-3929.69140625,10,51.73,Serré,FORMULA 1 GRAN PREMIO DE LA CIUDAD DE MÉXICO 2023
4822.8515625,-3047.8134765625,11,32.68,Serré,FORMULA 1 GRAN PREMIO DE LA CIUDAD DE MÉXICO 2023
-443.9345703125,-1580.6708984375005,12,70.84,Serré,FORMULA 1 GRAN PREMIO DE LA CIUDAD DE MÉXICO 2023
-791.74609375,76.99999999999955,13,99.22,Serré,FORMULA 1 GRAN PREMIO DE LA CIUDAD DE MÉXICO 2023
-1373.6669921875,-167.83337402343795,14,35.62,Serré,FORMULA 1 GRAN PREMIO DE LA CIUDAD DE MÉXICO 2023
-1809.1650390625,-107.8207397460942,15,36.8,Serré,FORMULA 1 GRAN PREMIO DE LA CIUDAD DE MÉXICO 2023
-2390.3896484375,97.9679565429683,16,100.31,Serré,FORMULA 1 GRAN PREMIO DE LA CIUDAD DE MÉXICO 2023
-1892.0537109375,1095.2366485595703,17,53.96,Serré,FORMULA 1 GRAN PREMIO DE LA CIUDAD DE MÉXICO 2023
-2393.436279296875,-8518.955078125,1,94.45,Serré,FORMULA 1 ROLEX GRANDE PRÊMIO DE SÃO PAULO 2023
-1548.525146484375,-8083.34912109375,2,45.24,Serré,FORMULA 1 ROLEX GRANDE PRÊMIO DE SÃO PAULO 2023
225.64907836914062,-8132.4267578125,3,68.58,Serré,FORMULA 1 ROLEX GRANDE PRÊMIO DE SÃO PAULO 2023
2323.666015625,-1064.5079345703125,4,91.47,Serré,FORMULA 1 ROLEX GRANDE PRÊMIO DE SÃO PAULO 2023
821.3036499023438,-714.7282104492188,5,56.42,Serré,FORMULA 1 ROLEX GRANDE PRÊMIO DE SÃO PAULO 2023
-2024.5311279296875,-3964.448486328125,6,85.08,Serré,FORMULA 1 ROLEX GRANDE PRÊMIO DE SÃO PAULO 2023
-3261.28466796875,-3714.666015625,7,82.88,Serré,FORMULA 1 ROLEX GRANDE PRÊMIO DE SÃO PAULO 2023
-3523.720703125,-2188.38525390625,8,101.33,Serré,FORMULA 1 ROLEX GRANDE PRÊMIO DE SÃO PAULO 2023
-2383.04833984375,-2240.02099609375,9,131.39,Serré,FORMULA 1 ROLEX GRANDE PRÊMIO DE SÃO PAULO 2023
-3075.818115234375,258.4669189453125,10,144.06,Serré,FORMULA 1 ROLEX GRANDE PRÊMIO DE SÃO PAULO 2023
-1368.5802001953125,-706.1390991210938,11,81.24,Serré,FORMULA 1 ROLEX GRANDE PRÊMIO DE SÃO PAULO 2023
140.72178649902344,1484.997314453125,12,93.19,Serré,FORMULA 1 ROLEX GRANDE PRÊMIO DE SÃO PAULO 2023
-871.7373657226562,1881.447021484375,13,37.37,Serré,FORMULA 1 ROLEX GRANDE PRÊMIO DE SÃO PAULO 2023
-3189.6416015625,938.1722412109375,14,40.5,Serré,FORMULA 1 ROLEX GRANDE PRÊMIO DE SÃO PAULO 2023
-4130.12744140625,-2877.100830078125,15,18.49,Moyen,FORMULA 1 ROLEX GRANDE PRÊMIO DE SÃO PAULO 2023
3781.81005859375,1577.1397705078125,1,108.63,Serré,FORMULA 1 HEINEKEN SILVER LAS VEGAS GRAND PRIX 2023
3022.856689453125,1971.9615478515625,2,67.69,Serré,FORMULA 1 HEINEKEN SILVER LAS VEGAS GRAND PRIX 2023
1408.8516845703125,1204.9444580078125,3,101.19,Serré,FORMULA 1 HEINEKEN SILVER LAS VEGAS GRAND PRIX 2023
606.34326171875,2040.28369140625,4,63.64,Serré,FORMULA 1 HEINEKEN SILVER LAS VEGAS GRAND PRIX 2023
373.9714660644531,10559.6064453125,5,76.2,Serré,FORMULA 1 HEINEKEN SILVER LAS VEGAS GRAND PRIX 2023
2913.037841796875,10944.3857421875,6,54.71,Serré,FORMULA 1 HEINEKEN SILVER LAS VEGAS GRAND PRIX 2023
3723.593505859375,12721.671875,7,59.93,Serré,FORMULA 1 HEINEKEN SILVER LAS VEGAS GRAND PRIX 2023
3312.9931640625,13017.1328125,8,75.57,Serré,FORMULA 1 HEINEKEN SILVER LAS VEGAS GRAND PRIX 2023
3535.08642578125,14199.03125,9,109.4,Serré,FORMULA 1 HEINEKEN SILVER LAS VEGAS GRAND PRIX 2023
-1211.2879638671875,14780.541015625,10,52.72,Serré,FORMULA 1 HEINEKEN SILVER LAS VEGAS GRAND PRIX 2023
-2607.49462890625,16991.494140625,11,42.29,Serré,FORMULA 1 HEINEKEN SILVER LAS VEGAS GRAND PRIX 2023
-4689.17822265625,17710.146484375,12,83.99,Serré,FORMULA 1 HEINEKEN SILVER LAS VEGAS GRAND PRIX 2023
-7525.62548828125,10705.1474609375,13,10.68,Large,FORMULA 1 HEINEKEN SILVER LAS VEGAS GRAND PRIX 2023
-7645.392578125,-1030.9439697265625,14,60.77,Serré,FORMULA 1 HEINEKEN SILVER LAS VEGAS GRAND PRIX 2023
-7145.8369140625,-1305.7738037109375,15,21.55,Moyen,FORMULA 1 HEINEKEN SILVER LAS VEGAS GRAND PRIX 2023
-6660.0048828125,-1639.4146728515625,16,24.58,Moyen,FORMULA 1 HEINEKEN SILVER LAS VEGAS GRAND PRIX 2023
837.0077514648438,-1526.464599609375,17,36.59,Serré,FORMULA 1 HEINEKEN SILVER LAS VEGAS GRAND PRIX 2023
4294.859375,2690.7177734375,1,90.44,Serré,FORMULA 1 ETIHAD AIRWAYS ABU DHABI GRAND PRIX 2023 
3848.351318359375,4987.57080078125,2,52.38,Serré,FORMULA 1 ETIHAD AIRWAYS ABU DHABI GRAND PRIX 2023 
2206.551025390625,6155.1201171875,3,72.78,Serré,FORMULA 1 ETIHAD AIRWAYS ABU DHABI GRAND PRIX 2023 
2378.65625,8052.80517578125,4,10.26,Large,FORMULA 1 ETIHAD AIRWAYS ABU DHABI GRAND PRIX 2023 
1839.3582763671875,11771.70703125,5,125.8,Serré,FORMULA 1 ETIHAD AIRWAYS ABU DHABI GRAND PRIX 2023 
-2150.159423828125,655.3110961914062,6,105.66,Serré,FORMULA 1 ETIHAD AIRWAYS ABU DHABI GRAND PRIX 2023 
-1583.4920654296875,587.163330078125,7,73.94,Serré,FORMULA 1 ETIHAD AIRWAYS ABU DHABI GRAND PRIX 2023 
-823.9918823242188,-1256.985107421875,8,27.33,Moyen,FORMULA 1 ETIHAD AIRWAYS ABU DHABI GRAND PRIX 2023 
5774.8056640625,-4917.8369140625,9,137.03,Serré,FORMULA 1 ETIHAD AIRWAYS ABU DHABI GRAND PRIX 2023 
3125.7744140625,-3602.140380859375,10,37.55,Serré,FORMULA 1 ETIHAD AIRWAYS ABU DHABI GRAND PRIX 2023 
1799.5865478515625,-2781.958251953125,11,57.66,Serré,FORMULA 1 ETIHAD AIRWAYS ABU DHABI GRAND PRIX 2023 
1634.6038818359375,-1529.775146484375,12,94.96,Serré,FORMULA 1 ETIHAD AIRWAYS ABU DHABI GRAND PRIX 2023 
2619.7744140625,-1222.7818603515625,13,101.36,Serré,FORMULA 1 ETIHAD AIRWAYS ABU DHABI GRAND PRIX 2023 
2523.817138671875,-131.88153076171875,14,56.85,Serré,FORMULA 1 ETIHAD AIRWAYS ABU DHABI GRAND PRIX 2023 
-79.35454559326172,-206.44224548339844,15,69.24,Serré,FORMULA 1 ETIHAD AIRWAYS ABU DHABI GRAND PRIX 2023 
-1076.555908203125,1716.3370361328125,16,98.09,Serré,FORMULA 1 ETIHAD AIRWAYS ABU DHABI GRAND PRIX 2023 
